mode,judge,n,mean_metric_z_minus_human_z,linreg_slope,linreg_intercept,linreg_r2,z_groupby,note
f2,opus47,2627,-0.0008277220613217179,0.2819777376106113,0.0013088257584985565,0.07886218528625115,"['year', 'pair']",
f2,gpt5,2637,0.0019787743077727157,0.26588106923884175,0.001666542126269537,0.0706243342956865,"['year', 'pair']",
fmqm,gemini,2649,-0.001238400572287275,0.5517834538843531,-0.0015672599379794308,0.3018754944812404,"['year', 'pair']",
fmqm,gpt5,2658,-0.0024036674907060474,0.5146824486164405,-0.0024036674907060578,0.2615088163425167,"['year', 'pair']",
