system_id,n,mean_human_z,mean_f2_gpt5_z,mean_f2_opus_z,mean_f2_gemini_z,gpt5_z_minus_mean_other_f2_z,note
GPT-4,67,0.30060478946609415,0.128303085419822,0.06917414188969925,,0.05912894353012274,
GPT4-5shot,55,0.20510832180755503,0.30523206299919164,0.35807564014117693,,-0.05284357714198529,
