family,n,mean_human_z,mean_f2_gpt5_z,note
Other,2427,-0.02870277563149411,-0.015073396641563581,
OpenAI,123,0.3012248610539885,0.21624905300518457,
Google,70,0.21478588788648226,0.22083459200714622,
Meta,70,0.04170668445426758,-0.1323343722346676,
Anthropic,68,0.17332677824990705,0.049348271180854594,
