mode,judge,n,pct_ge_98_on_0_100_scale,std_raw_on_0_100,f2_mult_x10_applied,note
f2,opus47,2727,0.005801305293691081,18.320275573556444,True,
f2,gpt5,2737,0.0036258158085569255,17.02527274414121,True,
fmqm,gemini,2747,0.4158810732414793,9.662806915502305,False,
fmqm,gpt5,2758,0.23023930384336475,15.911633756539594,False,
