quintile,metric,tau,n
Q1(worst),fluency2,0.038483325072647255,223
Q1(worst),gemba_mqm,0.08442954703603534,223
Q1(worst),gemba_da,0.09698657138551788,223
Q1(worst),chrf_pp,0.11273170081771251,223
Q2,fluency2,0.15526710847938874,191
Q2,gemba_mqm,0.12535366345379564,191
Q2,gemba_da,0.02390479484372012,191
Q2,chrf_pp,-0.056880651796878276,191
Q3,fluency2,0.04539286162697564,410
Q3,gemba_mqm,-0.018578973513468867,410
Q3,gemba_da,0.03247513447129827,410
Q3,chrf_pp,-0.004443269380508975,410
